ward_code,osni_ward_lgd,nimdm_ward_lgd
95NN02,AUDLEYS ACRE Down,Audley's Acre Down
95SS20,LISNAGARVY Lisburn,Lisnagarvey Lisburn
95XX24,SPRING HILL North Down,Springhill North Down
95VV16,FATHOM Newry and Mourne,Fathom Newry and Mourn
95VV26,SPELGA Newry and Mourne,Spelga Newry and Mourn
95VV04,BINNIAN Newry and Mourne,Binnian Newry and Mourn
95VV08,CREGGAN Newry and Mourne,Creggan Newry and Mourn
95VV24,SEAVIEW Newry and Mourne,Seaview Newry and Mourn
95VV01,ANNALONG Newry and Mourne,Annalong Newry and Mourn
95VV02,BALLYBOT Newry and Mourne,Ballybot Newry and Mourn
95VV06,CAMLOUGH Newry and Mourne,Camlough Newry and Mourn
95VV17,FORKHILL Newry and Mourne,Forkhill Newry and Mourn
95VV03,BESSBROOK Newry and Mourne,Bessbrook Newry and Mourn
95VV07,CLONALLAN Newry and Mourne,Clonallan Newry and Mourn
95VV12,DERRYMORE Newry and Mourne,Derrymore Newry and Mourn
95VV14,DRUMALANE Newry and Mourne,Drumalane Newry and Mourn
95VV20,LISNACREE Newry and Mourne,Lisnacree Newry and Mourn
95VV23,ROSTREVOR Newry and Mourne,Rostrevor Newry and Mourn
95VV27,ST MARY'S Newry and Mourne,St Mary's Newry and Mourn
95VV10,DAISY HILL Newry and Mourne,Daisy hill Newry and Mourn
95VV13,DONAGHMORE Newry and Mourne,Donaghmore Newry and Mourn
95VV21,MAYOBRIDGE Newry and Mourne,Mayobridge Newry and Mourn
95VV29,TULLYHAPPY Newry and Mourne,Tullyhappy Newry and Mourn
95VV09,CROSSMAGLEN Newry and Mourne,Crossmaglen Newry and Mourn
95VV15,DRUMGULLION Newry and Mourne,Drumgullion Newry and Mourn
95VV11,DERRYLECKAGH Newry and Mourne,Derryleckagh Newry and Mourn
95VV28,ST PATRICK'S Newry and Mourne,St Patrick's Newry and Mourn
95VV30,WINDSOR HILL Newry and Mourne,Windsor Hill Newry and Mourn
95VV19,KILKEEL SOUTH Newry and Mourne,Kilkeel South Newry and Mourn
95VV25,SILVER BRIDGE Newry and Mourne,Silver Bridge Newry and Mourn
95PP14,"KESH, EDERNEY and LACK Fermanagh",Kesh Ederney and Lack Fermanagh
95VV18,KILKEEL CENTRAL Newry and Mourne,Kilkeel Central Newry and Mourn
95VV22,NEWTOWNHAMILTON Newry and Mourne,Newtownhamilton Newry and Mourn
95VV05,BURREN AND KILBRONEY Newry and Mourne,Burren and Kilbroney Newry and Mourn
95PP04,"BOHO, CLEENISH and LETTERBREEN Fermanagh",Boho Cleenish and Letterbreen Fermanagh
95AA01,ALDERGROVE Antrim,Aldergrove Antrim
95AA02,BALLOO Antrim,Balloo Antrim
95AA03,BALLYCRAIGY Antrim,Ballycraigy Antrim
95AA04,CLADY Antrim,Clady Antrim
95AA05,CRANFIELD Antrim,Cranfield Antrim
95AA06,CRUMLIN Antrim,Crumlin Antrim
95AA07,DRUMANAWAY Antrim,Drumanaway Antrim
95AA08,FARRANSHANE Antrim,Farranshane Antrim
95AA09,FOUNTAIN HILL Antrim,Fountain Hill Antrim
95AA10,GREYSTONE Antrim,Greystone Antrim
95AA11,MASSEREENE Antrim,Massereene Antrim
95AA12,PARKGATE Antrim,Parkgate Antrim
95AA13,RANDALSTOWN Antrim,Randalstown Antrim
95AA14,SHILVODAN Antrim,Shilvodan Antrim
95AA15,SPRINGFARM Antrim,Springfarm Antrim
95AA16,STEEPLE Antrim,Steeple Antrim
95AA17,STILES Antrim,Stiles Antrim
95AA18,TEMPLEPATRICK Antrim,Templepatrick Antrim
95AA19,TOOME Antrim,Toome Antrim
95BB01,BALLYGOWAN Ards,Ballygowan Ards
95BB02,BALLYRAINEY Ards,Ballyrainey Ards
95BB03,BALLYWALTER Ards,Ballywalter Ards
95BB04,BRADSHAW'S BRAE Ards,Bradshaw's Brae Ards
95BB05,CARROWDORE Ards,Carrowdore Ards
95BB06,CENTRAL Ards,Central Ards
95BB07,COMBER EAST Ards,Comber East Ards
95BB08,COMBER NORTH Ards,Comber North Ards
95BB09,COMBER WEST Ards,Comber West Ards
95BB10,DONAGHADEE NORTH Ards,Donaghadee North Ards
95BB11,DONAGHADEE SOUTH Ards,Donaghadee South Ards
95BB12,GLEN Ards,Glen Ards
95BB13,GREGSTOWN Ards,Gregstown Ards
95BB14,KILLINCHY Ards,Killinchy Ards
95BB15,KIRCUBBIN Ards,Kircubbin Ards
95BB16,LISBANE Ards,Lisbane Ards
95BB17,LOUGHRIES Ards,Loughries Ards
95BB18,MILLISLE Ards,Millisle Ards
95BB19,MOVILLA Ards,Movilla Ards
95BB20,PORTAFERRY Ards,Portaferry Ards
95BB21,PORTAVOGIE Ards,Portavogie Ards
95BB22,SCRABO Ards,Scrabo Ards
95BB23,WHITESPOTS Ards,Whitespots Ards
95CC01,ABBEY PARK Armagh,Abbey Park Armagh
95CC02,BALLYMARTRIM Armagh,Ballymartrim Armagh
95CC03,CALLAN BRIDGE Armagh,Callan Bridge Armagh
95CC04,CARRIGATUKE Armagh,Carrigatuke Armagh
95CC05,CHARLEMONT Armagh,Charlemont Armagh
95CC06,DEMESNE Armagh,Demesne Armagh
95CC07,DERRYNOOSE Armagh,Derrynoose Armagh
95CC08,DOWNS Armagh,Downs Armagh
95CC09,HAMILTONSBAWN Armagh,Hamiltonsbawn Armagh
95CC10,HOCKLEY Armagh,Hockley Armagh
95CC11,KEADY Armagh,Keady Armagh
95CC12,KILLEEN Armagh,Killeen Armagh
95CC13,KILLYLEA Armagh,Killylea Armagh
95CC14,LAURELVALE Armagh,Laurelvale Armagh
95CC15,LOUGHGALL Armagh,Loughgall Armagh
95CC16,MARKETHILL Armagh,Markethill Armagh
95CC17,MILFORD Armagh,Milford Armagh
95CC18,OBSERVATORY Armagh,Observatory Armagh
95CC19,POYNTZ PASS Armagh,Poyntz Pass Armagh
95CC20,RICH HILL Armagh,Rich Hill Armagh
95CC21,TANDRAGEE Armagh,Tandragee Armagh
95CC22,THE MALL Armagh,The Mall Armagh
95DD01,ACADEMY Ballymena,Academy Ballymena
95DD02,AHOGHILL Ballymena,Ahoghill Ballymena
95DD03,ARDEEVIN Ballymena,Ardeevin Ballymena
95DD04,BALLEE Ballymena,Ballee Ballymena
95DD05,BALLYKEEL Ballymena,Ballykeel Ballymena
95DD06,BALLYLOUGHAN Ballymena,Ballyloughan Ballymena
95DD07,BROUGHSHANE Ballymena,Broughshane Ballymena
95DD08,CASTLE DEMESNE Ballymena,Castle Demesne Ballymena
95DD09,CRAIGYWARREN Ballymena,Craigywarren Ballymena
95DD10,CULLYBACKEY Ballymena,Cullybackey Ballymena
95DD11,DUNCLUG Ballymena,Dunclug Ballymena
95DD12,DUNMINNING Ballymena,Dunminning Ballymena
95DD13,FAIR GREEN Ballymena,Fair Green Ballymena
95DD14,GALGORM Ballymena,Galgorm Ballymena
95DD15,GLENRAVEL Ballymena,Glenravel Ballymena
95DD16,GLENWHIRRY Ballymena,Glenwhirry Ballymena
95DD17,GRANGE Ballymena,Grange Ballymena
95DD18,HARRYVILLE Ballymena,Harryville Ballymena
95DD19,KELLS Ballymena,Kells Ballymena
95DD20,MOAT Ballymena,Moat Ballymena
95DD21,PARK Ballymena,Park Ballymena
95DD22,PORTGLENONE Ballymena,Portglenone Ballymena
95DD23,SLEMISH Ballymena,Slemish Ballymena
95DD24,SUMMERFIELD Ballymena,Summerfield Ballymena
95EE01,BALLYHOE AND CORKEY Ballymoney,Ballyhoe and Corkey Ballymoney
95EE02,BENVARDIN Ballymoney,Benvardin Ballymoney
95EE03,CARNANY Ballymoney,Carnany Ballymoney
95EE04,CLOGH MILLS Ballymoney,Clogh Mills Ballymoney
95EE05,DERVOCK Ballymoney,Dervock Ballymoney
95EE06,DUNLOY Ballymoney,Dunloy Ballymoney
95EE07,FAIRHILL Ballymoney,Fairhill Ballymoney
95EE08,GLEBE Ballymoney,Glebe Ballymoney
95EE09,KILLOQUIN LOWER Ballymoney,Killoquin Lower Ballymoney
95EE10,KILLOQUIN UPPER Ballymoney,Killoquin Upper Ballymoney
95EE11,KNOCKAHOLET Ballymoney,Knockaholet Ballymoney
95EE12,NEWHILL Ballymoney,Newhill Ballymoney
95EE13,ROUTE Ballymoney,Route Ballymoney
95EE14,SEACON Ballymoney,Seacon Ballymoney
95EE15,STRANOCUM Ballymoney,Stranocum Ballymoney
95EE16,THE VOW Ballymoney,The Vow Ballymoney
95FF01,BALLYDOWN Banbridge,Ballydown Banbridge
95FF02,BALLYWARD Banbridge,Ballyward Banbridge
95FF03,BANBRIDGE WEST Banbridge,Banbridge West Banbridge
95FF04,BANNSIDE Banbridge,Bannside Banbridge
95FF05,DROMORE NORTH Banbridge,Dromore North Banbridge
95FF06,DROMORE SOUTH Banbridge,Dromore South Banbridge
95FF07,EDENDERRY Banbridge,Edenderry Banbridge
95FF08,FORT Banbridge,Fort Banbridge
95FF09,GILFORD Banbridge,Gilford Banbridge
95FF10,GRANSHA Banbridge,Gransha Banbridge
95FF11,KATESBRIDGE Banbridge,Katesbridge Banbridge
95FF12,LAWRENCETOWN Banbridge,Lawrencetown Banbridge
95FF13,LOUGHBRICKLAND Banbridge,Loughbrickland Banbridge
95FF14,QUILLY Banbridge,Quilly Banbridge
95FF15,RATHFRILAND Banbridge,Rathfriland Banbridge
95FF16,SEAPATRICK Banbridge,Seapatrick Banbridge
95FF17,THE CUT Banbridge,The Cut Banbridge
95GG01,ANDERSONSTOWN Belfast,Andersonstown Belfast
95GG02,ARDOYNE Belfast,Ardoyne Belfast
95GG03,BALLYHACKAMORE Belfast,Ballyhackamore Belfast
95GG04,BALLYMACARRETT Belfast,Ballymacarrett Belfast
95GG05,BALLYNAFEIGH Belfast,Ballynafeigh Belfast
95GG06,BALLYSILLAN Belfast,Ballysillan Belfast
95GG07,BEECHMOUNT Belfast,Beechmount Belfast
95GG08,BELLEVUE Belfast,Bellevue Belfast
95GG09,BELMONT Belfast,Belmont Belfast
95GG10,BLACKSTAFF Belfast,Blackstaff Belfast
95GG11,BLOOMFIELD Belfast,Bloomfield Belfast
95GG12,BOTANIC Belfast,Botanic Belfast
95GG13,CASTLEVIEW Belfast,Castleview Belfast
95GG14,CAVEHILL Belfast,Cavehill Belfast
95GG15,CHERRYVALLEY Belfast,Cherryvalley Belfast
95GG16,CHICHESTER PARK Belfast,Chichester Park Belfast
95GG17,CLIFTONVILLE Belfast,Cliftonville Belfast
95GG18,CLONARD Belfast,Clonard Belfast
95GG19,CRUMLIN Belfast,Crumlin Belfast
95GG20,DUNCAIRN Belfast,Duncairn Belfast
95GG21,FALLS Belfast,Falls Belfast
95GG22,FALLS PARK Belfast,Falls Park Belfast
95GG23,FINAGHY Belfast,Finaghy Belfast
95GG24,FORTWILLIAM Belfast,Fortwilliam Belfast
95GG25,GLEN ROAD Belfast,Glen Road Belfast
95GG26,GLENCAIRN Belfast,Glencairn Belfast
95GG27,GLENCOLIN Belfast,Glencolin Belfast
95GG28,HIGHFIELD Belfast,Highfield Belfast
95GG29,ISLAND Belfast,Island Belfast
95GG30,KNOCK Belfast,Knock Belfast
95GG31,LADYBROOK Belfast,Ladybrook Belfast
95GG32,LEGONIEL Belfast,Legoniel Belfast
95GG33,MALONE Belfast,Malone Belfast
95GG34,MUSGRAVE Belfast,Musgrave Belfast
95GG35,NEW LODGE Belfast,New Lodge Belfast
95GG36,ORANGEFIELD Belfast,Orangefield Belfast
95GG37,RAVENHILL Belfast,Ravenhill Belfast
95GG38,ROSETTA Belfast,Rosetta Belfast
95GG39,SHAFTESBURY Belfast,Shaftesbury Belfast
95GG40,SHANKILL Belfast,Shankill Belfast
95GG41,STORMONT Belfast,Stormont Belfast
95GG42,STRANMILLIS Belfast,Stranmillis Belfast
95GG43,SYDENHAM Belfast,Sydenham Belfast
95GG44,THE MOUNT Belfast,The Mount Belfast
95GG45,UPPER MALONE Belfast,Upper Malone Belfast
95GG46,UPPER SPRINGFIELD Belfast,Upper Springfield Belfast
95GG47,WATER WORKS Belfast,Water Works Belfast
95GG48,WHITEROCK Belfast,Whiterock Belfast
95GG49,WINDSOR Belfast,Windsor Belfast
95GG50,WOODSTOCK Belfast,Woodstock Belfast
95GG51,WOODVALE Belfast,Woodvale Belfast
95HH01,BLACKHEAD Carrickfergus,Blackhead Carrickfergus
95HH02,BLUEFIELD Carrickfergus,Bluefield Carrickfergus
95HH03,BONEYBEFORE Carrickfergus,Boneybefore Carrickfergus
95HH04,BURLEIGH HILL Carrickfergus,Burleigh Hill Carrickfergus
95HH05,CLIPPERSTOWN Carrickfergus,Clipperstown Carrickfergus
95HH06,EDEN Carrickfergus,Eden Carrickfergus
95HH07,GORTALEE Carrickfergus,Gortalee Carrickfergus
95HH08,GREENISLAND Carrickfergus,Greenisland Carrickfergus
95HH09,KILLYCROT Carrickfergus,Killycrot Carrickfergus
95HH10,KNOCKAGH Carrickfergus,Knockagh Carrickfergus
95HH11,LOVE LANE Carrickfergus,Love Lane Carrickfergus
95HH12,MILEBUSH Carrickfergus,Milebush Carrickfergus
95HH13,NORTHLAND Carrickfergus,Northland Carrickfergus
95HH14,SUNNYLANDS Carrickfergus,Sunnylands Carrickfergus
95HH15,VICTORIA Carrickfergus,Victoria Carrickfergus
95HH16,WHITEHEAD Carrickfergus,Whitehead Carrickfergus
95HH17,WOODBURN Carrickfergus,Woodburn Carrickfergus
95II01,BALLYHANWOOD Castlereagh,Ballyhanwood Castlereagh
95II02,BEECHILL Castlereagh,Beechill Castlereagh
95II03,CAIRNSHILL Castlereagh,Cairnshill Castlereagh
95II04,CARROWREAGH Castlereagh,Carrowreagh Castlereagh
95II05,CARRYDUFF EAST Castlereagh,Carryduff East Castlereagh
95II06,CARRYDUFF WEST Castlereagh,Carryduff West Castlereagh
95II07,CREGAGH Castlereagh,Cregagh Castlereagh
95II08,DOWNSHIRE Castlereagh,Downshire Castlereagh
95II09,DUNDONALD Castlereagh,Dundonald Castlereagh
95II10,ENLER Castlereagh,Enler Castlereagh
95II11,GALWALLY Castlereagh,Galwally Castlereagh
95II12,GILNAHIRK Castlereagh,Gilnahirk Castlereagh
95II13,GRAHAM'S BRIDGE Castlereagh,Graham's Bridge Castlereagh
95II14,HILLFOOT Castlereagh,Hillfoot Castlereagh
95II15,KNOCKBRACKEN Castlereagh,Knockbracken Castlereagh
95II16,LISNASHARRAGH Castlereagh,Lisnasharragh Castlereagh
95II17,LOWER BRANIEL Castlereagh,Lower Braniel Castlereagh
95II18,MINNOWBURN Castlereagh,Minnowburn Castlereagh
95II19,MONEYREAGH Castlereagh,Moneyreagh Castlereagh
95II20,NEWTOWNBREDA Castlereagh,Newtownbreda Castlereagh
95II21,TULLYCARNET Castlereagh,Tullycarnet Castlereagh
95II22,UPPER BRANIEL Castlereagh,Upper Braniel Castlereagh
95II23,WYNCHURCH Castlereagh,Wynchurch Castlereagh
95JJ01,AGIVEY Coleraine,Agivey Coleraine
95JJ02,ATLANTIC Coleraine,Atlantic Coleraine
95JJ03,BALLYSALLY Coleraine,Ballysally Coleraine
95JJ04,CASTLEROCK Coleraine,Castlerock Coleraine
95JJ05,CENTRAL Coleraine,Central Coleraine
95JJ06,CHURCHLAND Coleraine,Churchland Coleraine
95JJ07,CROSS GLEBE Coleraine,Cross Glebe Coleraine
95JJ08,DUNDOOAN Coleraine,Dundooan Coleraine
95JJ09,DUNLUCE Coleraine,Dunluce Coleraine
95JJ10,GARVAGH Coleraine,Garvagh Coleraine
95JJ11,HOPEFIELD Coleraine,Hopefield Coleraine
95JJ12,KILREA Coleraine,Kilrea Coleraine
95JJ13,KNOCKLYNN Coleraine,Knocklynn Coleraine
95JJ14,MACOSQUIN Coleraine,Macosquin Coleraine
95JJ15,MOUNT SANDEL Coleraine,Mount Sandel Coleraine
95JJ16,PORTSTEWART Coleraine,Portstewart Coleraine
95JJ17,RINGSEND Coleraine,Ringsend Coleraine
95JJ18,ROYAL PORTRUSH Coleraine,Royal Portrush Coleraine
95JJ19,STRAND Coleraine,Strand Coleraine
95JJ20,THE CUTS Coleraine,The Cuts Coleraine
95JJ21,UNIVERSITY Coleraine,University Coleraine
95JJ22,WATERSIDE Coleraine,Waterside Coleraine
95KK01,ARDBOE Cookstown,Ardboe Cookstown
95KK02,COAGH Cookstown,Coagh Cookstown
95KK03,DUNNAMORE Cookstown,Dunnamore Cookstown
95KK04,GORTALOWRY Cookstown,Gortalowry Cookstown
95KK05,KILLYCOLPY Cookstown,Killycolpy Cookstown
95KK06,KILLYMOON Cookstown,Killymoon Cookstown
95KK07,LISSAN Cookstown,Lissan Cookstown
95KK08,MONEYMORE Cookstown,Moneymore Cookstown
95KK09,NEWBUILDINGS Cookstown,Newbuildings Cookstown
95KK10,OAKLANDS Cookstown,Oaklands Cookstown
95KK11,OLDTOWN Cookstown,Oldtown Cookstown
95KK12,POMEROY Cookstown,Pomeroy Cookstown
95KK13,SANDHOLES Cookstown,Sandholes Cookstown
95KK14,STEWARTSTOWN Cookstown,Stewartstown Cookstown
95KK15,THE LOOP Cookstown,The Loop Cookstown
95KK16,TULLAGH Cookstown,Tullagh Cookstown
95LL01,AGHAGALLON Craigavon,Aghagallon Craigavon
95LL02,ANNAGH Craigavon,Annagh Craigavon
95LL03,BALLYBAY Craigavon,Ballybay Craigavon
95LL04,BALLYORAN Craigavon,Ballyoran Craigavon
95LL05,BLEARY Craigavon,Bleary Craigavon
95LL06,BROWNSTOWN Craigavon,Brownstown Craigavon
95LL07,CHURCH Craigavon,Church Craigavon
95LL08,CORCRAIN Craigavon,Corcrain Craigavon
95LL09,COURT Craigavon,Court Craigavon
95LL10,DERRYTRASNA Craigavon,Derrytrasna Craigavon
95LL11,DONAGHCLONEY Craigavon,Donaghcloney Craigavon
95LL12,DRUMGASK Craigavon,Drumgask Craigavon
95LL13,DRUMGOR Craigavon,Drumgor Craigavon
95LL14,DRUMNAMOE Craigavon,Drumnamoe Craigavon
95LL15,EDENDERRY Craigavon,Edenderry Craigavon
95LL16,KERNAN Craigavon,Kernan Craigavon
95LL17,KILLYCOMAIN Craigavon,Killycomain Craigavon
95LL18,KNOCKNASHANE Craigavon,Knocknashane Craigavon
95LL19,MAGHERALIN Craigavon,Magheralin Craigavon
95LL20,MOURNEVIEW Craigavon,Mourneview Craigavon
95LL21,PARKLAKE Craigavon,Parklake Craigavon
95LL22,TAGHNEVAN Craigavon,Taghnevan Craigavon
95LL23,TAVANAGH Craigavon,Tavanagh Craigavon
95LL24,THE BIRCHES Craigavon,The Birches Craigavon
95LL25,WARINGSTOWN Craigavon,Waringstown Craigavon
95LL26,WOODVILLE Craigavon,Woodville Craigavon
95MM01,ALTNAGELVIN Derry,Altnagelvin Derry
95MM02,BALLYNASHALLOG Derry,Ballynashallog Derry
95MM03,BANAGHER Derry,Banagher Derry
95MM04,BEECHWOOD Derry,Beechwood Derry
95MM05,BRANDYWELL Derry,Brandywell Derry
95MM06,CARN HILL Derry,Carn Hill Derry
95MM07,CAW Derry,Caw Derry
95MM08,CLONDERMOT Derry,Clondermot Derry
95MM09,CLAUDY Derry,Claudy Derry
95MM10,CREGGAN CENTRAL Derry,Creggan Central Derry
95MM11,CREGGAN SOUTH Derry,Creggan South Derry
95MM12,CREVAGH Derry,Crevagh Derry
95MM13,CULMORE Derry,Culmore Derry
95MM14,EBRINGTON Derry,Ebrington Derry
95MM15,EGLINTON Derry,Eglinton Derry
95MM16,ENAGH Derry,Enagh Derry
95MM17,FOYLE SPRINGS Derry,Foyle Springs Derry
95MM18,HOLLY MOUNT Derry,Holly Mount Derry
95MM19,KILFENNAN Derry,Kilfennan Derry
95MM20,LISNAGELVIN Derry,Lisnagelvin Derry
95MM21,NEW BUILDINGS Derry,New Buildings Derry
95MM22,PENNYBURN Derry,Pennyburn Derry
95MM23,ROSEMOUNT Derry,Rosemount Derry
95MM24,SHANTALLOW EAST Derry,Shantallow East Derry
95MM25,SHANTALLOW WEST Derry,Shantallow West Derry
95MM26,SPRINGTOWN Derry,Springtown Derry
95MM27,STRAND Derry,Strand Derry
95MM28,THE DIAMOND Derry,The Diamond Derry
95MM29,VICTORIA Derry,Victoria Derry
95MM30,WESTLAND Derry,Westland Derry
95NN01,ARDGLASS Down,Ardglass Down
95NN03,BALLYMAGLAVE Down,Ballymaglave Down
95NN04,BALLYMOTE Down,Ballymote Down
95NN05,BALLYNAHINCH EAST Down,Ballynahinch East Down
95NN06,CASTLEWELLAN Down,Castlewellan Down
95NN07,CATHEDRAL Down,Cathedral Down
95NN08,CROSSGAR Down,Crossgar Down
95NN09,DERRYBOY Down,Derryboy Down
95NN10,DONARD Down,Donard Down
95NN11,DRUMANESS Down,Drumaness Down
95NN12,DUNDRUM Down,Dundrum Down
95NN13,DUNMORE Down,Dunmore Down
95NN14,KILLOUGH Down,Killough Down
95NN15,KILLYLEAGH Down,Killyleagh Down
95NN16,KILMORE Down,Kilmore Down
95NN17,MURLOUGH Down,Murlough Down
95NN18,QUOILE Down,Quoile Down
95NN19,SAINTFIELD Down,Saintfield Down
95NN20,SEAFORDE Down,Seaforde Down
95NN21,SHIMNA Down,Shimna Down
95NN22,STRANGFORD Down,Strangford Down
95NN23,TOLLYMORE Down,Tollymore Down
95OO01,ALTMORE Dungannon,Altmore Dungannon
95OO02,AUGHER Dungannon,Augher Dungannon
95OO03,AUGHNACLOY Dungannon,Aughnacloy Dungannon
95OO04,BALLYGAWLEY Dungannon,Ballygawley Dungannon
95OO05,BALLYSAGGART Dungannon,Ballysaggart Dungannon
95OO06,BENBURB Dungannon,Benburb Dungannon
95OO07,CALEDON Dungannon,Caledon Dungannon
95OO08,CASTLECAULFIELD Dungannon,Castlecaulfield Dungannon
95OO09,CLOGHER Dungannon,Clogher Dungannon
95OO10,COALISLAND NORTH Dungannon,Coalisland North Dungannon
95OO11,COALISLAND SOUTH Dungannon,Coalisland South Dungannon
95OO12,COALISLAND WEST AND NEWMILLS Dungannon,Coalisland West and Newmills Dungannon
95OO13,COOLHILL Dungannon,Coolhill Dungannon
95OO14,DONAGHMORE Dungannon,Donaghmore Dungannon
95OO15,DRUMGLASS Dungannon,Drumglass Dungannon
95OO16,FIVEMILETOWN Dungannon,Fivemiletown Dungannon
95OO17,KILLYMAN Dungannon,Killyman Dungannon
95OO18,KILLYMEAL Dungannon,Killymeal Dungannon
95OO19,MOY Dungannon,Moy Dungannon
95OO20,MOYGASHEL Dungannon,Moygashel Dungannon
95OO21,MULLAGHMORE Dungannon,Mullaghmore Dungannon
95OO22,WASHING BAY Dungannon,Washing Bay Dungannon
95PP01,BALLINAMALLARD Fermanagh,Ballinamallard Fermanagh
95PP02,BELCOO AND GARRISON Fermanagh,Belcoo and Garrison Fermanagh
95PP03,BELLEEK AND BOA Fermanagh,Belleek and Boa Fermanagh
95PP05,BROOKEBOROUGH Fermanagh,Brookeborough Fermanagh
95PP06,CASTLECOOLE Fermanagh,Castlecoole Fermanagh
95PP07,DERRYGONNELLY Fermanagh,Derrygonnelly Fermanagh
95PP08,DERRYLIN Fermanagh,Derrylin Fermanagh
95PP09,DEVENISH Fermanagh,Devenish Fermanagh
95PP10,DONAGH Fermanagh,Donagh Fermanagh
95PP11,ERNE Fermanagh,Erne Fermanagh
95PP12,FLORENCE COURT AND KINAWLEY Fermanagh,Florence Court and Kinawley Fermanagh
95PP13,IRVINESTOWN Fermanagh,Irvinestown Fermanagh
95PP15,LISBELLAW Fermanagh,Lisbellaw Fermanagh
95PP16,LISNARRICK Fermanagh,Lisnarrick Fermanagh
95PP17,LISNASKEA Fermanagh,Lisnaskea Fermanagh
95PP18,MAGUIRES BRIDGE Fermanagh,Maguires Bridge Fermanagh
95PP19,NEWTOWNBUTLER Fermanagh,Newtownbutler Fermanagh
95PP20,PORTORA Fermanagh,Portora Fermanagh
95PP21,ROSSLEA Fermanagh,Rosslea Fermanagh
95PP22,ROSSORRY Fermanagh,Rossorry Fermanagh
95PP23,TEMPO Fermanagh,Tempo Fermanagh
95QQ01,ANTIVILLE Larne,Antiville Larne
95QQ02,BALLYCARRY Larne,Ballycarry Larne
95QQ03,BALLYLORAN Larne,Ballyloran Larne
95QQ04,BLACKCAVE Larne,Blackcave Larne
95QQ05,CARNCASTLE Larne,Carncastle Larne
95QQ06,CARNLOUGH Larne,Carnlough Larne
95QQ07,CENTRAL Larne,Central Larne
95QQ08,CRAIGY HILL Larne,Craigy Hill Larne
95QQ09,GARDENMORE Larne,Gardenmore Larne
95QQ10,GLENARM Larne,Glenarm Larne
95QQ11,GLYNN Larne,Glynn Larne
95QQ12,HARBOUR Larne,Harbour Larne
95QQ13,ISLAND MAGEE Larne,Island Magee Larne
95QQ14,KILWAUGHTER Larne,Kilwaughter Larne
95QQ15,TOWN PARKS Larne,Town Parks Larne
95RR01,AGHANLOO Limavady,Aghanloo Limavady
95RR02,BALLYKELLY Limavady,Ballykelly Limavady
95RR03,COOLESSAN Limavady,Coolessan Limavady
95RR04,DUNGIVEN Limavady,Dungiven Limavady
95RR05,ENAGH Limavady,Enagh Limavady
95RR06,FEENY Limavady,Feeny Limavady
95RR07,FOREST Limavady,Forest Limavady
95RR08,GLACK Limavady,Glack Limavady
95RR09,GRESTEEL Limavady,Gresteel Limavady
95RR10,GREYSTONE Limavady,Greystone Limavady
95RR11,MAGILLIGAN Limavady,Magilligan Limavady
95RR12,RATHBRADY Limavady,Rathbrady Limavady
95RR13,ROESIDE Limavady,Roeside Limavady
95RR14,THE HIGHLANDS Limavady,The Highlands Limavady
95RR15,UPPER GLENSHANE Limavady,Upper Glenshane Limavady
95SS01,BALLINDERRY Lisburn,Ballinderry Lisburn
95SS02,BALLYMACASH Lisburn,Ballymacash Lisburn
95SS03,BALLYMACBRENNAN Lisburn,Ballymacbrennan Lisburn
95SS04,BALLYMACOSS Lisburn,Ballymacoss Lisburn
95SS05,BLARIS Lisburn,Blaris Lisburn
95SS06,COLLIN GLEN Lisburn,Collin Glen Lisburn
95SS07,DERRYAGHY Lisburn,Derryaghy Lisburn
95SS08,DROMARA Lisburn,Dromara Lisburn
95SS09,DRUMBO Lisburn,Drumbo Lisburn
95SS10,DUNMURRY Lisburn,Dunmurry Lisburn
95SS11,GLENAVY Lisburn,Glenavy Lisburn
95SS12,HARMONY HILL Lisburn,Harmony Hill Lisburn
95SS13,HILDEN Lisburn,Hilden Lisburn
95SS14,HILLHALL Lisburn,Hillhall Lisburn
95SS15,HILLSBOROUGH Lisburn,Hillsborough Lisburn
95SS16,KILWEE Lisburn,Kilwee Lisburn
95SS17,KNOCKMORE Lisburn,Knockmore Lisburn
95SS18,LAGAN VALLEY Lisburn,Lagan Valley Lisburn
95SS19,LAMBEG Lisburn,Lambeg Lisburn
95SS21,MAGHABERRY Lisburn,Maghaberry Lisburn
95SS22,MAGHERALAVE Lisburn,Magheralave Lisburn
95SS23,MAZE Lisburn,Maze Lisburn
95SS24,MOIRA Lisburn,Moira Lisburn
95SS25,OLD WARREN Lisburn,Old Warren Lisburn
95SS26,POLEGLASS Lisburn,Poleglass Lisburn
95SS27,SEYMOUR HILL Lisburn,Seymour Hill Lisburn
95SS28,TONAGH Lisburn,Tonagh Lisburn
95SS29,TWINBROOK Lisburn,Twinbrook Lisburn
95SS30,WALLACE PARK Lisburn,Wallace Park Lisburn
95TT01,BALLYMAGUIGAN Magherafelt,Ballymaguigan Magherafelt
95TT02,BELLAGHY Magherafelt,Bellaghy Magherafelt
95TT03,CASTLEDAWSON Magherafelt,Castledawson Magherafelt
95TT04,DRAPERSTOWN Magherafelt,Draperstown Magherafelt
95TT05,GLEBE Magherafelt,Glebe Magherafelt
95TT06,GULLADUFF Magherafelt,Gulladuff Magherafelt
95TT07,KNOCKCLOGHRIM Magherafelt,Knockcloghrim Magherafelt
95TT08,LECUMPHER Magherafelt,Lecumpher Magherafelt
95TT09,LOWER GLENSHANE Magherafelt,Lower Glenshane Magherafelt
95TT10,MAGHERA Magherafelt,Maghera Magherafelt
95TT11,SWATRAGH Magherafelt,Swatragh Magherafelt
95TT12,TOBERMORE Magherafelt,Tobermore Magherafelt
95TT13,TOWN PARKS EAST Magherafelt,Town Parks East Magherafelt
95TT14,TOWN PARKS WEST Magherafelt,Town Parks West Magherafelt
95TT15,UPPERLANDS Magherafelt,Upperlands Magherafelt
95TT16,VALLEY Magherafelt,Valley Magherafelt
95UU01,ARMOY Moyle,Armoy Moyle
95UU02,BALLYLOUGH Moyle,Ballylough Moyle
95UU03,BONAMARGY AND RATHLIN Moyle,Bonamargy and Rathlin Moyle
95UU04,BUSHMILLS Moyle,Bushmills Moyle
95UU05,CARNMOON Moyle,Carnmoon Moyle
95UU06,DALRIADA Moyle,Dalriada Moyle
95UU07,DUNSEVERICK Moyle,Dunseverick Moyle
95UU08,GLENAAN Moyle,Glenaan Moyle
95UU09,GLENARIFF Moyle,Glenariff Moyle
95UU10,GLENDUN Moyle,Glendun Moyle
95UU11,GLENSHESK Moyle,Glenshesk Moyle
95UU12,GLENTAISIE Moyle,Glentaisie Moyle
95UU13,KINBANE Moyle,Kinbane Moyle
95UU14,KNOCKLAYD Moyle,Knocklayd Moyle
95UU15,MOSS-SIDE AND MOYARGET Moyle,Moss-side and Moyarget Moyle
95WW01,ABBEY Newtownabbey,Abbey Newtownabbey
95WW02,BALLYCLARE NORTH Newtownabbey,Ballyclare North Newtownabbey
95WW03,BALLYCLARE SOUTH Newtownabbey,Ballyclare South Newtownabbey
95WW04,BALLYDUFF Newtownabbey,Ballyduff Newtownabbey
95WW05,BALLYHENRY Newtownabbey,Ballyhenry Newtownabbey
95WW06,BALLYNURE Newtownabbey,Ballynure Newtownabbey
95WW07,BALLYROBERT Newtownabbey,Ballyrobert Newtownabbey
95WW08,BURNTHILL Newtownabbey,Burnthill Newtownabbey
95WW09,CARNMONEY Newtownabbey,Carnmoney Newtownabbey
95WW10,CLOUGHFERN Newtownabbey,Cloughfern Newtownabbey
95WW11,COLLINBRIDGE Newtownabbey,Collinbridge Newtownabbey
95WW12,COOLE Newtownabbey,Coole Newtownabbey
95WW13,DOAGH Newtownabbey,Doagh Newtownabbey
95WW14,DUNANNEY Newtownabbey,Dunanney Newtownabbey
95WW15,GLEBE Newtownabbey,Glebe Newtownabbey
95WW16,GLENGORMLEY Newtownabbey,Glengormley Newtownabbey
95WW17,HAWTHORNE Newtownabbey,Hawthorne Newtownabbey
95WW18,HIGHTOWN Newtownabbey,Hightown Newtownabbey
95WW19,JORDANSTOWN Newtownabbey,Jordanstown Newtownabbey
95WW20,MALLUSK Newtownabbey,Mallusk Newtownabbey
95WW21,MONKSTOWN Newtownabbey,Monkstown Newtownabbey
95WW22,MOSSLEY Newtownabbey,Mossley Newtownabbey
95WW23,ROSTULLA Newtownabbey,Rostulla Newtownabbey
95WW24,VALLEY Newtownabbey,Valley Newtownabbey
95WW25,WHITEHOUSE Newtownabbey,Whitehouse Newtownabbey
95XX01,BALLYCROCHAN North Down,Ballycrochan North Down
95XX02,BALLYHOLME North Down,Ballyholme North Down
95XX03,BALLYMACONNELL North Down,Ballymaconnell North Down
95XX04,BALLYMAGEE North Down,Ballymagee North Down
95XX05,BANGOR CASTLE North Down,Bangor Castle North Down
95XX06,BLOOMFIELD North Down,Bloomfield North Down
95XX07,BROADWAY North Down,Broadway North Down
95XX08,BRYANSBURN North Down,Bryansburn North Down
95XX09,CHURCHILL North Down,Churchill North Down
95XX10,CLANDEBOYE North Down,Clandeboye North Down
95XX11,CONLIG North Down,Conlig North Down
95XX12,CRAIGAVAD North Down,Craigavad North Down
95XX13,CRAWFORDSBURN North Down,Crawfordsburn North Down
95XX14,CULTRA North Down,Cultra North Down
95XX15,DUFFERIN North Down,Dufferin North Down
95XX16,GROOMSPORT North Down,Groomsport North Down
95XX17,HARBOUR North Down,Harbour North Down
95XX18,HOLYWOOD DEMESNE North Down,Holywood Demesne North Down
95XX19,HOLYWOOD PRIORY North Down,Holywood Priory North Down
95XX20,LOUGHVIEW North Down,Loughview North Down
95XX21,PRINCETOWN North Down,Princetown North Down
95XX22,RATHGAEL North Down,Rathgael North Down
95XX23,SILVERSTREAM North Down,Silverstream North Down
95XX25,WHITEHILL North Down,Whitehill North Down
95YY01,BERAGH Omagh,Beragh Omagh
95YY02,CAMOWEN Omagh,Camowen Omagh
95YY03,CLANABOGAN Omagh,Clanabogan Omagh
95YY04,COOLNAGARD Omagh,Coolnagard Omagh
95YY05,DERGMONEY Omagh,Dergmoney Omagh
95YY06,DROMORE Omagh,Dromore Omagh
95YY07,DRUMNAKILLY Omagh,Drumnakilly Omagh
95YY08,DRUMQUIN Omagh,Drumquin Omagh
95YY09,DRUMRAGH Omagh,Drumragh Omagh
95YY10,FAIRY WATER Omagh,Fairy Water Omagh
95YY11,FINTONA Omagh,Fintona Omagh
95YY12,GORTIN Omagh,Gortin Omagh
95YY13,GORTRUSH Omagh,Gortrush Omagh
95YY14,KILLYCLOGHER Omagh,Killyclogher Omagh
95YY15,LISANELLY Omagh,Lisanelly Omagh
95YY16,NEWTOWNSAVILLE Omagh,Newtownsaville Omagh
95YY17,OWENKILLEW Omagh,Owenkillew Omagh
95YY18,SIXMILECROSS Omagh,Sixmilecross Omagh
95YY19,STRULE Omagh,Strule Omagh
95YY20,TERMON Omagh,Termon Omagh
95YY21,TRILLICK Omagh,Trillick Omagh
95ZZ01,ARTIGARVAN Strabane,Artigarvan Strabane
95ZZ02,BALLYCOLMAN Strabane,Ballycolman Strabane
95ZZ03,CASTLEDERG Strabane,Castlederg Strabane
95ZZ04,CLARE Strabane,Clare Strabane
95ZZ05,DUNNAMANAGH Strabane,Dunnamanagh Strabane
95ZZ06,EAST Strabane,East Strabane
95ZZ07,FINN Strabane,Finn Strabane
95ZZ08,GLENDERG Strabane,Glenderg Strabane
95ZZ09,NEWTOWNSTEWART Strabane,Newtownstewart Strabane
95ZZ10,NORTH Strabane,North Strabane
95ZZ11,PLUMBRIDGE Strabane,Plumbridge Strabane
95ZZ12,SION MILLS Strabane,Sion Mills Strabane
95ZZ13,SLIEVEKIRK Strabane,Slievekirk Strabane
95ZZ14,SOUTH Strabane,South Strabane
95ZZ15,VICTORIA BRIDGE Strabane,Victoria Bridge Strabane
95ZZ16,WEST Strabane,West Strabane
